<?xml version="1.0"?>
<!DOCTYPE Configure PUBLIC "-//Jetty//Configure//EN" "http://www.eclipse.org/jetty/configure_9_0.dtd">

<!-- =============================================================== -->
<!-- Configure the Jetty Server                                      -->
<!--                                                                 -->
<!-- Documentation of this file format can be found at:              -->
<!-- http://docs.codehaus.org/display/JETTY/jetty.xml                -->
<!--                                                                 -->
<!-- =============================================================== -->


<Configure id="Server" class="org.eclipse.jetty.server.Server">

    <!-- =========================================================== -->
    <!-- Server Thread Pool                                          -->
    <!-- =========================================================== -->
    <Get name="ThreadPool">
        <Set name="minThreads" type="int"><Property name="threads.min" default="10"/></Set>
        <Set name="maxThreads" type="int"><Property name="threads.max" default="200"/></Set>
        <Set name="idleTimeout" type="int"><Property name="threads.timeout" default="60000"/></Set>
        <Set name="detailedDump">false</Set>
    </Get>


    <!-- =========================================================== -->
    <!-- Http Configuration.                                         -->
    <!-- This is a common configuration instance used by all         -->
    <!-- connectors that can carry HTTP semantics (HTTP, HTTPS, SPDY)-->
    <!-- It configures the non wire protocol aspects of the HTTP     -->
    <!-- semantic.                                                   -->
    <!--                                                             -->
    <!-- This configuration is only defined here and is used by      -->
    <!-- reference from the jetty-http.xml, jetty-https.xml and      -->
    <!-- jetty-spdy.xml configuration files which instantiate the    -->
    <!-- connectors.                                                 -->
    <!--                                                             -->
    <!-- Consult the javadoc of o.e.j.server.HttpConfiguration       -->
    <!-- for all configuration that may be set here.                 -->
    <!-- =========================================================== -->
    <New id="httpConfig" class="org.eclipse.jetty.server.HttpConfiguration">
        <Set name="outputBufferSize"><Property name="jetty.output.buffer.size" default="32768" /></Set>
        <Set name="outputAggregationSize"><Property name="jetty.output.aggregation.size" default="8192" /></Set>
        <Set name="requestHeaderSize"><Property name="jetty.request.header.size" default="8192" /></Set>
        <Set name="responseHeaderSize"><Property name="jetty.response.header.size" default="8192" /></Set>
        <Set name="sendServerVersion"><Property name="jetty.send.server.version" default="true" /></Set>
        <Set name="sendDateHeader"><Property name="jetty.send.date.header" default="true" /></Set>
        <Set name="headerCacheSize">512</Set>
        <Set name="delayDispatchUntilContent"><Property name="jetty.delayDispatchUntilContent" default="false"/></Set>
        <!-- Uncomment to enable handling of X-Forwarded- style headers
        <Call name="addCustomizer">
          <Arg><New class="org.eclipse.jetty.server.ForwardedRequestCustomizer"/></Arg>
        </Call>
        -->
    </New>

    <!-- =========================================================== -->
    <!-- Set connectors                                              -->
    <!-- =========================================================== -->
    <!-- One of each type!                                           -->
    <!-- =========================================================== -->

    <!-- Use this connector for many frequently idle connections
         and for threadless continuations.
    -->

    <Call name="addConnector">
        <Arg>
            <New class="org.eclipse.jetty.server.ServerConnector">
                <Arg name="server"><Ref refid="Server" /></Arg>
                <Arg name="acceptors" type="int"><Property name="http.acceptors" default="-1"/></Arg>
                <Arg name="selectors" type="int"><Property name="http.selectors" default="-1"/></Arg>
                <Arg name="factories">
                    <Array type="org.eclipse.jetty.server.ConnectionFactory">
                        <Item>
                            <New class="org.eclipse.jetty.server.HttpConnectionFactory">
                                <Arg name="config"><Ref refid="httpConfig" /></Arg>
                            </New>
                        </Item>
                    </Array>
                </Arg>
                <Set name="host"><Property name="jetty.host" default="127.0.0.1" /></Set>
                <Set name="port"><Property name="jetty.port" default="8080" /></Set>
                <Set name="idleTimeout"><Property name="http.timeout" default="30000"/></Set>
                <Set name="soLingerTime"><Property name="http.soLingerTime" default="-1"/></Set>
                <Set name="acceptorPriorityDelta"><Property name="http.acceptorPriorityDelta" default="0"/></Set>
                <Set name="selectorPriorityDelta"><Property name="http.selectorPriorityDelta" default="0"/></Set>
                <Set name="acceptQueueSize"><Property name="http.acceptQueueSize" default="0"/></Set>
            </New>
        </Arg>
    </Call>

    <!-- - - - - - - - - - - - - - - - - - - - - - - - - - - - - - - - - -->
    <!-- To add a HTTPS SSL listener                                     -->
    <!-- see jetty-ssl.xml to add an ssl connector. use                  -->
    <!-- java -jar start.jar etc/jetty.xml etc/jetty-ssl.xml             -->
    <!-- - - - - - - - - - - - - - - - - - - - - - - - - - - - - - - - - -->

    <!-- =========================================================== -->
    <!-- Set up global session ID manager                            -->
    <!-- =========================================================== -->
    <Set name="sessionIdManager">
        <New class="org.eclipse.jetty.server.session.HashSessionIdManager">
            <Set name="workerName">node1</Set>
        </New>
    </Set>

    <!-- =========================================================== -->
    <!-- Set handler Collection Structure                            -->
    <!-- =========================================================== -->
    <Set name="handler">
        <New id="Handlers" class="org.eclipse.jetty.server.handler.HandlerCollection">
            <Set name="handlers">
                <Array type="org.eclipse.jetty.server.Handler">
                    <Item>
                        <New id="Contexts" class="org.eclipse.jetty.server.handler.ContextHandlerCollection"/>
                    </Item>
                    <Item>
                        <New id="RequestLog" class="org.eclipse.jetty.server.handler.RequestLogHandler"/>
                    </Item>
                </Array>
            </Set>
        </New>
    </Set>

    <!-- =========================================================== -->
    <!-- extra options                                               -->
    <!-- =========================================================== -->
    <Set name="stopAtShutdown">true</Set>
    <Set name="stopTimeout">1000</Set>
    <Set name="dumpAfterStart"><Property name="jetty.dump.start" default="false"/></Set>
    <Set name="dumpBeforeStop"><Property name="jetty.dump.stop" default="false"/></Set>

</Configure>
